abs_timestamp_ns,human_time,fx,fy,fz,tx,ty,tz,mocap_ref_time
1772223631268000800,2026-02-27 15:20:31.268,-1.92335,5.54137,-31.4243,0.53739,-0.180319,0.489026,28.150000000000006
1772223631269197896,2026-02-27 15:20:31.269,-2.0066,5.53881,-30.355,0.539137,-0.183186,0.480984,28.15100000000001
1772223631270393620,2026-02-27 15:20:31.270,-2.00892,5.54353,-30.4532,0.539107,-0.18468,0.483518,28.152
1772223631271566235,2026-02-27 15:20:31.271,-2.10019,5.48094,-30.4076,0.53953,-0.185097,0.482509,28.153000000000006
1772223631272710068,2026-02-27 15:20:31.272,-2.10361,5.46071,-31.0251,0.540787,-0.189463,0.489726,28.15400000000001
1772223631273901525,2026-02-27 15:20:31.273,-2.10949,5.46734,-30.9607,0.54148,-0.191742,0.489177,28.155
1772223631275096212,2026-02-27 15:20:31.275,-2.22197,5.41971,-30.7795,0.541973,-0.19392,0.489144,28.15700000000001
1772223631276291505,2026-02-27 15:20:31.276,-2.28801,5.42867,-30.7165,0.542914,-0.196341,0.488636,28.158
1772223631277497013,2026-02-27 15:20:31.277,-2.32373,5.37322,-31.3061,0.540993,-0.198333,0.494485,28.159000000000006
1772223631278626495,2026-02-27 15:20:31.278,-2.37571,5.37464,-31.4158,0.543153,-0.200494,0.4956,28.16000000000001
1772223631279792572,2026-02-27 15:20:31.279,-2.55331,5.34739,-30.7717,0.54351,-0.203959,0.489907,28.161
1772223631280990978,2026-02-27 15:20:31.280,-2.60751,5.31469,-30.3158,0.543324,-0.207135,0.485302,28.162000000000006
1772223631282186153,2026-02-27 15:20:31.282,-2.67629,5.32388,-30.0779,0.544641,-0.20938,0.482976,28.164
1772223631283381985,2026-02-27 15:20:31.283,-2.72215,5.28894,-29.9962,0.542708,-0.212706,0.48261,28.165000000000006
1772223631284562710,2026-02-27 15:20:31.284,-2.82125,5.33201,-30.0626,0.541904,-0.214,0.479879,28.16600000000001
1772223631285676684,2026-02-27 15:20:31.285,-2.87665,5.26791,-29.5138,0.546032,-0.217735,0.476903,28.167
1772223631286876143,2026-02-27 15:20:31.286,-3.05864,5.24924,-29.183,0.548633,-0.224053,0.472416,28.168000000000006
1772223631288072673,2026-02-27 15:20:31.288,-3.18295,5.20919,-29.032,0.548528,-0.226882,0.470666,28.17
1772223631289245100,2026-02-27 15:20:31.289,-3.21173,5.16749,-29.6507,0.549973,-0.229764,0.474877,28.171000000000006
1772223631290445763,2026-02-27 15:20:31.290,-3.2752,5.09423,-29.7934,0.550633,-0.23326,0.474647,28.17200000000001
1772223631291685536,2026-02-27 15:20:31.291,-3.41962,5.05018,-29.7222,0.553055,-0.236394,0.472706,28.173000000000002
1772223631292889452,2026-02-27 15:20:31.292,-3.64944,4.92826,-29.8109,0.55381,-0.242612,0.46984,28.174000000000007
1772223631294087494,2026-02-27 15:20:31.294,-3.62069,4.90599,-30.7722,0.557325,-0.246274,0.476886,28.176000000000002
1772223631295284006,2026-02-27 15:20:31.295,-3.71476,4.86315,-30.5388,0.557631,-0.248777,0.471962,28.177000000000007
1772223631296494380,2026-02-27 15:20:31.296,-3.85315,4.83149,-30.6611,0.559451,-0.250738,0.471597,28.17800000000001
1772223631297625070,2026-02-27 15:20:31.297,-3.9261,4.79338,-30.2159,0.561164,-0.254225,0.465543,28.179000000000002
1772223631298797082,2026-02-27 15:20:31.298,-4.09922,4.71677,-29.9616,0.562089,-0.258724,0.460274,28.180000000000007
1772223631300075860,2026-02-27 15:20:31.300,-4.12364,4.60103,-30.0371,0.559624,-0.260766,0.459093,28.182000000000002
1772223631301259339,2026-02-27 15:20:31.301,-4.15672,4.59211,-30.0739,0.565342,-0.26377,0.458611,28.183000000000007
1772223631302427892,2026-02-27 15:20:31.302,-4.18746,4.55623,-29.3435,0.568207,-0.264371,0.449683,28.18400000000001
1772223631303561898,2026-02-27 15:20:31.303,-4.24182,4.52508,-29.4215,0.565951,-0.26664,0.448786,28.185000000000002
1772223631304691256,2026-02-27 15:20:31.304,-4.2639,4.42374,-29.5863,0.569078,-0.267478,0.449157,28.186000000000007
1772223631305855468,2026-02-27 15:20:31.305,-4.27611,4.35671,-30.521,0.571924,-0.26994,0.455117,28.187000000000012
1772223631307051174,2026-02-27 15:20:31.307,-4.24919,4.3248,-30.7374,0.57497,-0.269862,0.454173,28.189000000000007
1772223631308246655,2026-02-27 15:20:31.308,-4.2595,4.29906,-30.6573,0.571862,-0.271095,0.454162,28.190000000000012
1772223631309416657,2026-02-27 15:20:31.309,-4.23191,4.28259,-30.771,0.574062,-0.270794,0.453048,28.191000000000003
1772223631310572292,2026-02-27 15:20:31.310,-4.18301,4.25788,-31.2211,0.574164,-0.271703,0.456619,28.192000000000007
1772223631311699145,2026-02-27 15:20:31.311,-4.13539,4.18587,-31.9254,0.570307,-0.273106,0.461444,28.193000000000012
1772223631312881462,2026-02-27 15:20:31.312,-4.22079,4.18414,-31.6636,0.567978,-0.273037,0.458383,28.194000000000003
1772223631314052840,2026-02-27 15:20:31.314,-4.19818,4.15112,-31.2329,0.563729,-0.273391,0.451457,28.196000000000012
1772223631315251285,2026-02-27 15:20:31.315,-4.14888,4.10618,-31.0891,0.565783,-0.274092,0.451537,28.197000000000003
1772223631316446141,2026-02-27 15:20:31.316,-4.10898,4.11625,-31.2539,0.563288,-0.273888,0.451801,28.198000000000008
1772223631317568480,2026-02-27 15:20:31.317,-4.13475,4.08286,-31.3347,0.562032,-0.274668,0.451524,28.199000000000012
1772223631318697011,2026-02-27 15:20:31.318,-4.14946,4.12203,-31.3842,0.558413,-0.273238,0.449507,28.200000000000003
1772223631319843313,2026-02-27 15:20:31.319,-4.09648,4.03862,-30.9611,0.553192,-0.273864,0.443798,28.201000000000008
1772223631321042124,2026-02-27 15:20:31.321,-4.04004,4.0225,-30.8718,0.553517,-0.274515,0.442755,28.203000000000003
1772223631322173394,2026-02-27 15:20:31.322,-3.98991,4.01381,-31.5073,0.553981,-0.274428,0.449855,28.204000000000008
1772223631323371221,2026-02-27 15:20:31.323,-3.86358,3.94052,-31.709,0.552336,-0.274622,0.449814,28.205000000000013
1772223631324559950,2026-02-27 15:20:31.324,-3.91569,3.99971,-31.8,0.547176,-0.271879,0.447754,28.206000000000003
1772223631325688906,2026-02-27 15:20:31.325,-3.89364,3.97223,-31.7656,0.548627,-0.273088,0.448862,28.207000000000008
1772223631326838485,2026-02-27 15:20:31.326,-3.81589,3.96287,-32.6904,0.547134,-0.271572,0.456579,28.208000000000013
1772223631328027356,2026-02-27 15:20:31.328,-3.85561,4.00071,-32.6398,0.540559,-0.270852,0.454579,28.210000000000008
1772223631329223414,2026-02-27 15:20:31.329,-3.82229,3.93122,-32.5324,0.543723,-0.27112,0.454011,28.211000000000013
1772223631330418556,2026-02-27 15:20:31.330,-3.79057,3.99082,-32.2213,0.542998,-0.26936,0.450097,28.212000000000003
1772223631331571106,2026-02-27 15:20:31.331,-3.79468,3.98841,-31.8347,0.543411,-0.267674,0.447091,28.213000000000008
1772223631332699689,2026-02-27 15:20:31.332,-3.80694,3.99654,-31.7922,0.541834,-0.268493,0.446678,28.214
1772223631333855601,2026-02-27 15:20:31.333,-3.75778,4.01426,-31.7866,0.541402,-0.266507,0.445983,28.215000000000003
1772223631335045908,2026-02-27 15:20:31.335,-3.78576,4.05668,-31.3381,0.535338,-0.264212,0.439273,28.217
1772223631336241177,2026-02-27 15:20:31.336,-3.74294,4.02882,-30.8513,0.538569,-0.263961,0.436789,28.218000000000004
1772223631337440173,2026-02-27 15:20:31.337,-3.73991,4.10895,-31.3621,0.536416,-0.261416,0.440098,28.21900000000001
1772223631338586839,2026-02-27 15:20:31.338,-3.66931,4.06815,-31.3495,0.53687,-0.261623,0.44155,28.22
1772223631339714279,2026-02-27 15:20:31.339,-3.6904,4.08171,-31.8727,0.536782,-0.260217,0.446811,28.221000000000004
1772223631340871575,2026-02-27 15:20:31.340,-3.63247,4.16102,-31.9355,0.533519,-0.258105,0.447114,28.22200000000001
1772223631342061765,2026-02-27 15:20:31.342,-3.66851,4.16393,-31.9096,0.530911,-0.257385,0.446017,28.224000000000004
1772223631343259273,2026-02-27 15:20:31.343,-3.64685,4.19897,-31.9769,0.529546,-0.255709,0.447001,28.22500000000001
1772223631344471671,2026-02-27 15:20:31.344,-3.58522,4.18466,-32.9213,0.527988,-0.255615,0.45452,28.226
1772223631345601163,2026-02-27 15:20:31.345,-3.52502,4.21205,-32.5272,0.526445,-0.25487,0.450403,28.227000000000004
1772223631346730070,2026-02-27 15:20:31.346,-3.54997,4.20681,-32.8258,0.522418,-0.251853,0.452256,28.22800000000001
1772223631347899449,2026-02-27 15:20:31.347,-3.51405,4.29614,-32.1041,0.523312,-0.250949,0.444785,28.229
1772223631349074527,2026-02-27 15:20:31.349,-3.47699,4.29156,-32.1689,0.520721,-0.251142,0.445315,28.23100000000001
1772223631350271038,2026-02-27 15:20:31.350,-3.43387,4.31424,-32.2281,0.522564,-0.249736,0.445287,28.232
1772223631351481296,2026-02-27 15:20:31.351,-3.37905,4.34802,-32.3115,0.519619,-0.249216,0.445586,28.233000000000004
1772223631352609052,2026-02-27 15:20:31.352,-3.37158,4.35482,-31.4026,0.51799,-0.249345,0.437297,28.23400000000001
1772223631353740460,2026-02-27 15:20:31.353,-3.39485,4.3855,-31.7457,0.518081,-0.248312,0.439902,28.235
1772223631354871214,2026-02-27 15:20:31.354,-3.33801,4.3848,-32.14,0.5161,-0.246308,0.444279,28.236000000000004
1772223631356054810,2026-02-27 15:20:31.356,-3.26478,4.41202,-32.6122,0.513023,-0.247024,0.447996,28.238
1772223631357255415,2026-02-27 15:20:31.357,-3.27742,4.43314,-32.6645,0.514142,-0.245197,0.446701,28.239000000000004
1772223631358470470,2026-02-27 15:20:31.358,-3.23306,4.44199,-32.6169,0.512621,-0.246041,0.448823,28.24000000000001
1772223631359578347,2026-02-27 15:20:31.359,-3.2521,4.45212,-32.6571,0.509417,-0.245406,0.448527,28.241
1772223631360704945,2026-02-27 15:20:31.360,-3.20806,4.5416,-33.3571,0.504429,-0.24246,0.452716,28.242000000000004
1772223631361851372,2026-02-27 15:20:31.361,-3.15549,4.49609,-33.6233,0.50767,-0.242392,0.456425,28.24300000000001
1772223631363022183,2026-02-27 15:20:31.363,-3.09533,4.57303,-33.2983,0.506768,-0.240999,0.453582,28.245000000000005
1772223631364216728,2026-02-27 15:20:31.364,-3.1111,4.62383,-32.8343,0.501748,-0.237849,0.447742,28.24600000000001
1772223631365412645,2026-02-27 15:20:31.365,-3.0626,4.62858,-32.7512,0.505111,-0.237917,0.447834,28.247
1772223631366562964,2026-02-27 15:20:31.366,-3.03052,4.60851,-32.7558,0.504365,-0.237008,0.448628,28.248000000000005
1772223631367691341,2026-02-27 15:20:31.367,-2.99349,4.65101,-32.8159,0.503091,-0.235436,0.448547,28.24900000000001
1772223631368835924,2026-02-27 15:20:31.368,-2.99935,4.65133,-32.6891,0.505392,-0.233749,0.448002,28.25
1772223631370013660,2026-02-27 15:20:31.370,-2.95269,4.73153,-32.131,0.509425,-0.229931,0.444083,28.25200000000001
1772223631371206142,2026-02-27 15:20:31.371,-2.98157,4.71069,-32.0453,0.504407,-0.227513,0.443139,28.253
1772223631372401174,2026-02-27 15:20:31.372,-2.92258,4.72904,-32.7204,0.507991,-0.226571,0.45028,28.254000000000005
1772223631373662991,2026-02-27 15:20:31.373,-2.90459,4.76599,-32.8845,0.509227,-0.224543,0.450622,28.25500000000001
1772223631374844502,2026-02-27 15:20:31.374,-2.97402,4.75434,-32.8076,0.507431,-0.223057,0.451065,28.256
1772223631376024873,2026-02-27 15:20:31.376,-2.86564,4.77078,-32.7941,0.511918,-0.220683,0.452787,28.25800000000001
1772223631377217684,2026-02-27 15:20:31.377,-2.86074,4.80386,-33.8505,0.516737,-0.218154,0.462108,28.259
1772223631378395438,2026-02-27 15:20:31.378,-2.82204,4.82791,-33.3418,0.516111,-0.217874,0.459159,28.260000000000005
1772223631379554449,2026-02-27 15:20:31.379,-2.79228,4.80845,-33.427,0.517304,-0.216224,0.459939,28.26100000000001
1772223631380684560,2026-02-27 15:20:31.380,-2.7809,4.76332,-32.9967,0.517134,-0.214517,0.456485,28.262
1772223631381854968,2026-02-27 15:20:31.381,-2.63644,4.82454,-32.583,0.522761,-0.213577,0.453137,28.263000000000005
1772223631383047501,2026-02-27 15:20:31.383,-2.60828,4.80146,-32.5439,0.519421,-0.209506,0.453426,28.265
1772223631384239486,2026-02-27 15:20:31.384,-2.52887,4.84883,-32.6209,0.526044,-0.205386,0.453441,28.266000000000005
1772223631385437011,2026-02-27 15:20:31.385,-2.46778,4.85479,-31.8056,0.522185,-0.203332,0.447126,28.26700000000001
1772223631386562136,2026-02-27 15:20:31.386,-2.38036,4.86494,-31.7239,0.523708,-0.200166,0.447539,28.268
1772223631387692539,2026-02-27 15:20:31.387,-2.34726,4.82433,-31.6802,0.523502,-0.197401,0.447262,28.269000000000005
1772223631388824043,2026-02-27 15:20:31.388,-2.23864,4.84181,-31.8239,0.52275,-0.195238,0.450927,28.27000000000001
1772223631390000113,2026-02-27 15:20:31.390,-2.167,4.86318,-32.4523,0.523491,-0.190662,0.45712,28.272000000000006
1772223631391180086,2026-02-27 15:20:31.391,-1.9518,4.9065,-32.48,0.5251,-0.181638,0.459254,28.27300000000001
1772223631392378082,2026-02-27 15:20:31.392,-1.88416,4.92546,-32.4624,0.524377,-0.176513,0.459998,28.274
1772223631393561044,2026-02-27 15:20:31.393,-1.77736,4.94315,-32.4194,0.52301,-0.174344,0.463114,28.275000000000006
1772223631394698216,2026-02-27 15:20:31.394,-1.76248,4.96625,-33.1376,0.517157,-0.170688,0.47002,28.27600000000001
1772223631395909695,2026-02-27 15:20:31.395,-1.66773,4.99993,-32.6405,0.51992,-0.165135,0.469379,28.277
1772223631397083785,2026-02-27 15:20:31.397,-1.54216,5.09105,-31.1337,0.499954,-0.169572,0.46236,28.27900000000001
1772223631398279747,2026-02-27 15:20:31.398,-1.32768,5.06824,-31.5115,0.505679,-0.149206,0.462473,28.28
1772223631399474302,2026-02-27 15:20:31.399,-1.15085,5.05995,-31.923,0.505551,-0.134511,0.464055,28.281000000000006
1772223631400630558,2026-02-27 15:20:31.400,-0.913109,5.1152,-32.4186,0.51145,-0.118973,0.466558,28.28200000000001
1772223631401825717,2026-02-27 15:20:31.401,-0.83162,5.28065,-32.6039,0.511025,-0.115993,0.470291,28.283
1772223631403000126,2026-02-27 15:20:31.403,-0.753204,5.29491,-31.623,0.515383,-0.115268,0.46404,28.28500000000001
1772223631404193131,2026-02-27 15:20:31.404,-0.624756,5.23867,-32.0422,0.52344,-0.114152,0.473041,28.286
1772223631405395184,2026-02-27 15:20:31.405,-0.60146,5.22984,-32.5684,0.532286,-0.114122,0.48253,28.287000000000006
1772223631406577366,2026-02-27 15:20:31.406,-0.5802,5.19947,-32.4805,0.534366,-0.11305,0.484926,28.28800000000001
1772223631407727200,2026-02-27 15:20:31.407,-0.538228,5.18754,-32.4203,0.535986,-0.110549,0.485353,28.289
1772223631408907643,2026-02-27 15:20:31.408,-0.476851,5.17831,-32.2365,0.541249,-0.106578,0.485892,28.290000000000006
1772223631410104814,2026-02-27 15:20:31.410,-0.289969,5.17479,-32.8898,0.545564,-0.097026,0.493487,28.292
1772223631411408703,2026-02-27 15:20:31.411,-0.223888,5.12566,-32.8197,0.54603,-0.090699,0.492522,28.293000000000006
1772223631412562711,2026-02-27 15:20:31.412,-0.08872,5.25386,-32.8338,0.549097,-0.085034,0.492273,28.29400000000001
1772223631413695907,2026-02-27 15:20:31.413,0.049455,5.21042,-32.4183,0.548507,-0.078858,0.488451,28.295
1772223631414875114,2026-02-27 15:20:31.414,0.124699,5.2388,-31.8615,0.547684,-0.07404,0.484583,28.296000000000006
1772223631416049703,2026-02-27 15:20:31.416,0.222342,5.27301,-31.7972,0.546807,-0.06892,0.484486,28.298000000000002
1772223631417230083,2026-02-27 15:20:31.417,0.390734,5.32618,-31.7202,0.543248,-0.059792,0.485746,28.299000000000007
1772223631418431741,2026-02-27 15:20:31.418,0.484514,5.37867,-31.3988,0.542232,-0.055222,0.483673,28.30000000000001
1772223631419579146,2026-02-27 15:20:31.419,0.55989,5.44019,-30.7625,0.540673,-0.050534,0.480067,28.301000000000002
1772223631420711656,2026-02-27 15:20:31.420,0.59802,5.46152,-30.8068,0.539907,-0.046333,0.480808,28.302000000000007
1772223631421862180,2026-02-27 15:20:31.421,0.633222,5.48789,-30.6576,0.536899,-0.044558,0.482931,28.30300000000001
1772223631423037421,2026-02-27 15:20:31.423,0.659644,5.55582,-30.9829,0.534031,-0.042972,0.489097,28.305000000000007
1772223631424216207,2026-02-27 15:20:31.424,0.828837,5.54032,-30.9591,0.531311,-0.032827,0.489224,28.30600000000001
1772223631425414904,2026-02-27 15:20:31.425,0.937158,5.61558,-31.2193,0.529681,-0.02477,0.492109,28.307000000000002
1772223631426570306,2026-02-27 15:20:31.426,1.12767,5.67589,-31.3122,0.529074,-0.017194,0.494633,28.308000000000007
1772223631427699425,2026-02-27 15:20:31.427,1.13454,5.69398,-32.4181,0.526622,-0.016407,0.504859,28.30900000000001
1772223631428875449,2026-02-27 15:20:31.428,1.25923,5.7319,-32.3106,0.531003,-0.013169,0.504698,28.310000000000002
1772223631430048519,2026-02-27 15:20:31.430,1.25598,5.75086,-32.2648,0.531103,-0.013121,0.507086,28.312000000000012
1772223631431219526,2026-02-27 15:20:31.431,1.38402,5.70487,-31.6566,0.540517,-0.011983,0.505368,28.313000000000002
1772223631432417562,2026-02-27 15:20:31.432,1.12198,5.0687,-32.7596,0.56325,-0.015648,0.496762,28.314000000000007
1772223631433575782,2026-02-27 15:20:31.433,1.32565,5.47253,-33.2678,0.571355,-0.006645,0.507301,28.315000000000012
1772223631434707375,2026-02-27 15:20:31.434,1.31727,5.45827,-33.0232,0.582508,-0.01482,0.513983,28.316000000000003
1772223631435881328,2026-02-27 15:20:31.435,1.35574,5.34733,-32.101,0.574625,-0.015766,0.503365,28.317000000000007
1772223631437053943,2026-02-27 15:20:31.437,1.39612,5.45199,-31.9894,0.571889,-0.013334,0.501872,28.319000000000003
1772223631438235868,2026-02-27 15:20:31.438,1.15987,5.55749,-30.9425,0.54784,-0.036421,0.510599,28.320000000000007
1772223631439485518,2026-02-27 15:20:31.439,1.0214,5.72388,-29.8082,0.520201,-0.06176,0.515253,28.321000000000012
1772223631440618320,2026-02-27 15:20:31.440,0.801467,5.81264,-28.7326,0.482888,-0.082132,0.515756,28.322000000000003
1772223631441752169,2026-02-27 15:20:31.441,0.545521,6.10027,-26.0229,0.447524,-0.103546,0.512434,28.323000000000008
1772223631442890810,2026-02-27 15:20:31.442,1.27057,5.52232,-28.7222,0.469786,0.000728,0.507841,28.324000000000012
1772223631444010871,2026-02-27 15:20:31.444,-0.307072,6.39659,-23.133,0.373112,-0.162702,0.514001,28.326000000000008
1772223631445127616,2026-02-27 15:20:31.445,-1.91506,6.41071,-14.7572,0.299513,-0.252741,0.496067,28.327000000000012
1772223631446240945,2026-02-27 15:20:31.446,-3.14997,6.0473,-13.5678,0.247716,-0.239068,0.447667,28.328000000000003
1772223631447354200,2026-02-27 15:20:31.447,-3.82124,5.81822,-10.6841,0.198859,-0.269875,0.412,28.329000000000008
1772223631448479504,2026-02-27 15:20:31.448,-3.83439,5.40356,-9.67256,0.159387,-0.253953,0.376672,28.330000000000013
1772223631449589571,2026-02-27 15:20:31.449,-4.28147,5.35068,-8.54526,0.128761,-0.252214,0.347377,28.331000000000003
1772223631450692829,2026-02-27 15:20:31.450,-4.44807,5.34692,-7.72087,0.114813,-0.255537,0.33508,28.332000000000008
1772223631451865774,2026-02-27 15:20:31.451,-4.44536,5.06482,-7.99839,0.087529,-0.269022,0.328848,28.333000000000013
1772223631453045258,2026-02-27 15:20:31.453,-4.6007,4.70897,-8.76896,0.029178,-0.297059,0.298465,28.335000000000008
1772223631454214522,2026-02-27 15:20:31.454,-4.35376,4.45813,-9.33975,0.033886,-0.32562,0.289214,28.336000000000013
1772223631455374245,2026-02-27 15:20:31.455,-4.72074,4.72098,-8.89056,0.026809,-0.355583,0.299299,28.337000000000003
1772223631456578193,2026-02-27 15:20:31.456,-4.90938,4.80398,-7.971,0.04832,-0.349248,0.302878,28.338000000000008
1772223631457704020,2026-02-27 15:20:31.457,-4.85037,4.66867,-7.8187,0.064111,-0.33789,0.302801,28.339
1772223631458878935,2026-02-27 15:20:31.458,-4.94121,4.62019,-7.34227,0.073607,-0.316536,0.299338,28.340000000000003
1772223631460060618,2026-02-27 15:20:31.460,-5.15619,4.48745,-7.11002,0.117192,-0.327767,0.318538,28.342
1772223631461229957,2026-02-27 15:20:31.461,-5.34759,4.56947,-11.1034,0.171006,-0.354643,0.357962,28.343000000000004
1772223631462422269,2026-02-27 15:20:31.462,-5.162,4.79027,-11.4684,0.187903,-0.342644,0.346843,28.34400000000001
1772223631463570537,2026-02-27 15:20:31.463,-4.94787,4.97664,-11.4355,0.210625,-0.350889,0.343382,28.345
1772223631464696973,2026-02-27 15:20:31.464,-5.15004,5.32641,-10.296,0.193059,-0.345073,0.326348,28.346000000000004
1772223631465868694,2026-02-27 15:20:31.465,-5.37089,5.10811,-9.14723,0.162747,-0.352923,0.30682,28.34700000000001
1772223631467062148,2026-02-27 15:20:31.467,-5.25806,4.6814,-9.38293,0.180055,-0.344141,0.310254,28.349000000000004
1772223631468245678,2026-02-27 15:20:31.468,-6.3224,5.0268,-5.8667,0.195675,-0.32734,0.338268,28.35000000000001
1772223631469434427,2026-02-27 15:20:31.469,-6.67558,5.3641,-4.57919,0.179848,-0.329138,0.335642,28.351
1772223631470590221,2026-02-27 15:20:31.470,-6.05505,5.35257,-4.87961,0.130539,-0.256272,0.279169,28.352000000000004
1772223631471716291,2026-02-27 15:20:31.471,-5.1786,5.21239,-5.79754,0.127835,-0.22297,0.244852,28.35300000000001
1772223631472912449,2026-02-27 15:20:31.472,-5.25331,5.31517,-5.86469,0.106919,-0.209961,0.232107,28.354
1772223631474097833,2026-02-27 15:20:31.474,-4.85596,4.99078,-6.56045,0.088353,-0.204304,0.229777,28.35600000000001
1772223631475266696,2026-02-27 15:20:31.475,-4.92871,4.97094,-6.10518,0.063023,-0.218302,0.236146,28.357
1772223631476471445,2026-02-27 15:20:31.476,-4.98062,4.88259,-6.40436,0.078033,-0.224779,0.24513,28.358000000000004
1772223631477561716,2026-02-27 15:20:31.477,-5.49906,4.82459,-8.51112,0.199885,-0.258377,0.323326,28.35900000000001
1772223631478686462,2026-02-27 15:20:31.478,-5.70791,5.51602,-8.21641,0.228007,-0.303737,0.381427,28.36
1772223631479879264,2026-02-27 15:20:31.479,-6.22036,6.28401,-6.48169,0.203841,-0.289889,0.368927,28.361000000000004
1772223631481073642,2026-02-27 15:20:31.481,-6.63653,6.56255,-4.25072,0.172393,-0.264202,0.308203,28.363
1772223631482241126,2026-02-27 15:20:31.482,-7.00759,6.37877,-2.77676,0.132255,-0.254195,0.259865,28.364000000000004
1772223631483415591,2026-02-27 15:20:31.483,-6.1888,4.93118,-3.98252,0.109036,-0.243825,0.239999,28.36500000000001
1772223631484554277,2026-02-27 15:20:31.484,-1.66595,3.51827,-7.45097,0.06706,-0.190323,0.250569,28.366
1772223631485681920,2026-02-27 15:20:31.485,0.701067,3.31451,-6.30865,0.126461,0.013104,0.213125,28.367000000000004
1772223631486851876,2026-02-27 15:20:31.486,1.06653,4.35341,-6.14691,0.115746,0.042171,0.220817,28.36800000000001
1772223631488044882,2026-02-27 15:20:31.488,2.14937,4.88756,-6.87001,0.138567,0.066699,0.246476,28.370000000000005
1772223631489212275,2026-02-27 15:20:31.489,2.57147,4.96876,-8.10929,0.152505,0.077581,0.276697,28.37100000000001
1772223631490384061,2026-02-27 15:20:31.490,2.83435,5.14318,-8.71756,0.176005,0.094956,0.288287,28.372
1772223631491533514,2026-02-27 15:20:31.491,1.71367,5.3453,-7.54121,0.161605,0.073722,0.281157,28.373000000000005
1772223631492662796,2026-02-27 15:20:31.492,1.25769,5.2321,-6.72903,0.143146,0.057485,0.269271,28.37400000000001
1772223631493834904,2026-02-27 15:20:31.493,0.203081,4.92348,-6.1433,0.132754,0.041242,0.259586,28.375
1772223631495029014,2026-02-27 15:20:31.495,-1.56365,5.0717,-4.89846,0.106765,0.018397,0.242362,28.37700000000001
1772223631496197456,2026-02-27 15:20:31.496,-1.61205,5.1734,-4.0795,0.08524,-0.001906,0.227157,28.378
1772223631497373039,2026-02-27 15:20:31.497,-2.95347,5.27561,-2.8277,0.083848,0.015524,0.206379,28.379000000000005
1772223631498538063,2026-02-27 15:20:31.498,-2.83829,5.73574,-1.9845,0.070097,-0.006369,0.200875,28.38000000000001
1772223631499687579,2026-02-27 15:20:31.499,-1.53464,4.72484,-3.12685,0.115372,0.038404,0.205849,28.381
1772223631500860024,2026-02-27 15:20:31.500,-2.14636,5.16971,-2.87153,0.097725,0.036166,0.207527,28.382000000000005
1772223631502058205,2026-02-27 15:20:31.502,-0.093709,4.30317,-4.55697,0.118433,0.049843,0.223978,28.384
1772223631503231783,2026-02-27 15:20:31.503,0.009994,3.92274,-3.92917,0.130784,0.060893,0.219665,28.385000000000005
1772223631504402313,2026-02-27 15:20:31.504,-0.16978,3.90411,-4.47533,0.134504,0.045048,0.215072,28.38600000000001
1772223631505563391,2026-02-27 15:20:31.505,-0.249311,3.59378,-5.34542,0.140913,0.05216,0.214496,28.387
1772223631506693928,2026-02-27 15:20:31.506,-0.791702,3.63883,-4.46663,0.117543,0.042317,0.20771,28.388000000000005
1772223631507909565,2026-02-27 15:20:31.507,-0.568592,3.45828,-4.24308,0.115124,0.051766,0.205493,28.38900000000001
1772223631509106606,2026-02-27 15:20:31.509,-0.882274,3.76477,-3.2823,0.082438,0.045364,0.208344,28.391000000000005
1772223631510298153,2026-02-27 15:20:31.510,-0.478742,3.71524,-3.74712,0.055444,0.057224,0.229942,28.39200000000001
1772223631511477909,2026-02-27 15:20:31.511,-0.760486,4.02017,-2.86792,0.046545,0.05049,0.227891,28.393
1772223631512605189,2026-02-27 15:20:31.512,0.589058,3.06851,-3.83343,0.061151,0.080518,0.228702,28.394000000000005
1772223631513776117,2026-02-27 15:20:31.513,0.273097,3.13846,-2.92335,0.044827,0.076158,0.221456,28.39500000000001
1772223631514942313,2026-02-27 15:20:31.514,0.978959,2.90573,-3.05603,0.040284,0.078105,0.228205,28.396
1772223631516110299,2026-02-27 15:20:31.516,1.81546,2.91066,-3.16877,0.047602,0.093551,0.242756,28.39800000000001
1772223631517288936,2026-02-27 15:20:31.517,1.39742,3.26095,-2.65016,0.017434,0.07953,0.253729,28.399
1772223631518477472,2026-02-27 15:20:31.518,1.40586,2.74996,-2.42011,0.0395,0.08142,0.238413,28.400000000000006
1772223631519603446,2026-02-27 15:20:31.519,1.852,2.77168,-2.55013,0.020719,0.081849,0.246243,28.40100000000001
1772223631520776038,2026-02-27 15:20:31.520,1.95846,2.65093,-2.74187,0.022525,0.07779,0.251021,28.402
1772223631522012779,2026-02-27 15:20:31.522,1.97519,2.20083,-3.95695,0.035192,0.074628,0.247418,28.40400000000001
1772223631523223373,2026-02-27 15:20:31.523,2.11841,2.01591,-4.77047,0.049909,0.077779,0.248543,28.405
1772223631524394653,2026-02-27 15:20:31.524,4.62833,1.61386,-10.0186,0.150122,0.175187,0.256815,28.406000000000006
1772223631525528359,2026-02-27 15:20:31.525,4.39574,2.92018,-9.94332,0.14555,0.174905,0.275554,28.40700000000001
1772223631526655239,2026-02-27 15:20:31.526,4.57128,3.86634,-9.89054,0.136043,0.167583,0.301756,28.408
1772223631527848182,2026-02-27 15:20:31.527,4.42718,4.4565,-10.5549,0.140807,0.168793,0.322381,28.409000000000006
1772223631529043805,2026-02-27 15:20:31.529,2.96756,4.37814,-10.2044,0.161381,0.089985,0.347827,28.411
1772223631530240134,2026-02-27 15:20:31.530,1.48124,3.91916,-10.2204,0.181773,-0.000705,0.372839,28.412000000000006
1772223631531414300,2026-02-27 15:20:31.531,1.07237,3.51839,-8.96126,0.186018,0.005692,0.331677,28.41300000000001
1772223631532535406,2026-02-27 15:20:31.532,1.02723,3.28311,-8.70782,0.189716,0.01871,0.302334,28.414
1772223631533663223,2026-02-27 15:20:31.533,1.07053,3.08734,-8.54678,0.187056,0.029444,0.290328,28.415000000000006
1772223631534834461,2026-02-27 15:20:31.534,1.11871,2.78892,-8.62856,0.181864,0.031455,0.287176,28.41600000000001
1772223631536029531,2026-02-27 15:20:31.536,1.01532,2.74787,-7.67398,0.186194,0.029577,0.281237,28.418000000000006
1772223631537224381,2026-02-27 15:20:31.537,0.982363,2.76888,-7.98823,0.183951,0.029382,0.282331,28.41900000000001
1772223631538353920,2026-02-27 15:20:31.538,1.02469,2.87036,-8.51506,0.180404,0.035364,0.285112,28.42
1772223631539533207,2026-02-27 15:20:31.539,0.939138,2.93543,-8.47111,0.179772,0.036294,0.284339,28.421000000000006
1772223631540661795,2026-02-27 15:20:31.540,0.703018,3.05656,-8.14468,0.182908,0.03615,0.28372,28.42200000000001
1772223631541834039,2026-02-27 15:20:31.541,0.396384,3.0961,-8.00347,0.188236,0.030016,0.28313,28.423000000000002
1772223631542964359,2026-02-27 15:20:31.542,0.133008,3.15847,-7.64345,0.181159,0.024121,0.282812,28.424000000000007
1772223631544161156,2026-02-27 15:20:31.544,-0.094799,3.23972,-8.23997,0.176944,0.017477,0.288862,28.426000000000002
1772223631545332853,2026-02-27 15:20:31.545,-0.43018,3.27489,-7.75768,0.164127,0.012396,0.284875,28.427000000000007
1772223631546510674,2026-02-27 15:20:31.546,-0.81236,3.42103,-6.79678,0.155751,0.004754,0.273039,28.42800000000001
1772223631547644135,2026-02-27 15:20:31.547,-0.948313,3.45139,-6.14169,0.146863,0.00134,0.265243,28.429000000000002
1772223631548861467,2026-02-27 15:20:31.548,-1.20525,3.50489,-5.65339,0.133335,-0.002535,0.26055,28.430000000000007
1772223631550057983,2026-02-27 15:20:31.550,-1.36467,3.58305,-5.38068,0.124977,-0.005086,0.255144,28.432000000000002
1772223631551256799,2026-02-27 15:20:31.551,-1.51987,3.62831,-5.07254,0.118978,-0.009327,0.250666,28.433000000000007
1772223631552429176,2026-02-27 15:20:31.552,-1.95689,3.65316,-3.489,0.10531,-0.01709,0.233476,28.43400000000001
1772223631553576987,2026-02-27 15:20:31.553,-2.13204,3.69618,-3.18431,0.100224,-0.022943,0.229476,28.435000000000002
1772223631554708423,2026-02-27 15:20:31.554,-2.38162,3.68141,-2.95233,0.095898,-0.027207,0.227149,28.436000000000007
1772223631555836670,2026-02-27 15:20:31.555,-2.48855,3.65196,-3.29788,0.097738,-0.031282,0.226675,28.437000000000012
1772223631557035842,2026-02-27 15:20:31.557,-2.67582,3.58451,-3.01186,0.091876,-0.036434,0.222372,28.439000000000007
1772223631558233976,2026-02-27 15:20:31.558,-2.86371,3.56614,-2.62174,0.091565,-0.040906,0.218045,28.440000000000012
1772223631559408049,2026-02-27 15:20:31.559,-3.19916,3.47451,-2.0173,0.093529,-0.050859,0.208457,28.441000000000003
1772223631560533512,2026-02-27 15:20:31.560,-3.29188,3.40792,-2.77839,0.096622,-0.056032,0.212468,28.442000000000007
1772223631561660490,2026-02-27 15:20:31.561,-3.47021,3.41789,-2.21766,0.096884,-0.061528,0.206992,28.443000000000012
1772223631562836651,2026-02-27 15:20:31.562,-3.67382,3.3619,-1.97571,0.096897,-0.067471,0.203455,28.444000000000003
1772223631564032430,2026-02-27 15:20:31.564,-3.85969,3.37399,-1.23545,0.099826,-0.072244,0.195565,28.446000000000012
1772223631565229438,2026-02-27 15:20:31.565,-4.00206,3.34478,-0.806388,0.098863,-0.076283,0.191635,28.447000000000003
1772223631566399923,2026-02-27 15:20:31.566,-4.34365,3.40768,-0.59459,0.099456,-0.084882,0.189132,28.448000000000008
1772223631567527251,2026-02-27 15:20:31.567,-4.44715,3.48691,-0.470741,0.092406,-0.086698,0.188114,28.449000000000012
1772223631568656619,2026-02-27 15:20:31.568,-4.59076,3.63416,0.667591,0.089941,-0.088775,0.178417,28.450000000000003
1772223631569831933,2026-02-27 15:20:31.569,-4.66236,3.74359,0.567702,0.083724,-0.088844,0.180683,28.451000000000008
1772223631571030719,2026-02-27 15:20:31.571,-4.69179,3.81439,0.609066,0.076705,-0.091585,0.180015,28.453000000000003
1772223631572226788,2026-02-27 15:20:31.572,-4.79482,3.98064,0.130242,0.072684,-0.093647,0.184119,28.454000000000008
1772223631573400390,2026-02-27 15:20:31.573,-4.83679,4.01081,0.0071,0.064642,-0.096691,0.186745,28.455000000000013
1772223631574535544,2026-02-27 15:20:31.574,-4.99572,4.07539,0.155773,0.055144,-0.100558,0.184676,28.456000000000003
1772223631575664703,2026-02-27 15:20:31.575,-4.99576,4.17511,0.309494,0.05458,-0.101171,0.182891,28.457000000000008
1772223631576838025,2026-02-27 15:20:31.576,-5.06261,4.23303,-0.118912,0.048931,-0.101138,0.185596,28.458000000000013
1772223631578035211,2026-02-27 15:20:31.578,-5.04971,4.24426,-0.354081,0.045071,-0.101837,0.187103,28.460000000000008
1772223631579230336,2026-02-27 15:20:31.579,-5.07807,4.29617,-0.140755,0.042513,-0.104001,0.185322,28.461000000000013
1772223631580400635,2026-02-27 15:20:31.580,-5.07,4.30753,0.065657,0.044305,-0.1047,0.181854,28.462000000000003
1772223631581535629,2026-02-27 15:20:31.581,-5.05956,4.36461,0.880241,0.041358,-0.105676,0.175446,28.463000000000008
1772223631582662341,2026-02-27 15:20:31.582,-5.02434,4.37666,0.926622,0.039242,-0.105668,0.17456,28.464
1772223631583857549,2026-02-27 15:20:31.583,-4.98812,4.4036,0.9975,0.042761,-0.104847,0.173373,28.465000000000003
1772223631585053230,2026-02-27 15:20:31.585,-4.93888,4.408,1.11037,0.040308,-0.105528,0.171659,28.467
1772223631586248964,2026-02-27 15:20:31.586,-5.01406,4.44519,1.99403,0.04265,-0.10435,0.164125,28.468000000000004
1772223631587419166,2026-02-27 15:20:31.587,-4.92245,4.47337,1.68689,0.044881,-0.102688,0.164795,28.46900000000001
1772223631588546829,2026-02-27 15:20:31.588,-4.86152,4.48912,1.10531,0.047844,-0.101377,0.170044,28.47
1772223631589676191,2026-02-27 15:20:31.589,-4.8562,4.46714,1.14476,0.046088,-0.100063,0.170208,28.471000000000004
1772223631590854817,2026-02-27 15:20:31.590,-4.77078,4.5308,1.14885,0.048616,-0.09835,0.17001,28.47200000000001
1772223631592049675,2026-02-27 15:20:31.592,-4.7722,4.52726,1.0976,0.051535,-0.095544,0.168718,28.474000000000004
1772223631593244204,2026-02-27 15:20:31.593,-4.66904,4.54522,1.11731,0.053123,-0.092473,0.169308,28.47500000000001
1772223631594417407,2026-02-27 15:20:31.594,-4.58325,4.57963,0.166453,0.054853,-0.089688,0.178146,28.476
1772223631595537480,2026-02-27 15:20:31.595,-4.47887,4.65966,0.494936,0.061194,-0.085363,0.17539,28.477000000000004
1772223631596666053,2026-02-27 15:20:31.596,-4.40281,4.64147,1.01449,0.059068,-0.08308,0.170845,28.47800000000001
1772223631597862532,2026-02-27 15:20:31.597,-4.26592,4.63728,1.25967,0.064206,-0.079466,0.16839,28.479
1772223631599057191,2026-02-27 15:20:31.599,-4.20839,4.71552,1.2809,0.066471,-0.076561,0.16863,28.48100000000001
1772223631600252434,2026-02-27 15:20:31.600,-4.16413,4.7509,1.29657,0.068085,-0.073034,0.169681,28.482
1772223631601427480,2026-02-27 15:20:31.601,-4.0768,4.79318,1.1746,0.072075,-0.068514,0.170244,28.483000000000004
1772223631602574372,2026-02-27 15:20:31.602,-3.99677,4.81481,2.0753,0.073907,-0.062332,0.163818,28.48400000000001
1772223631603701367,2026-02-27 15:20:31.603,-3.93266,4.8358,2.01624,0.075463,-0.057042,0.163927,28.485
1772223631604852161,2026-02-27 15:20:31.604,-3.785,4.89332,1.73438,0.079585,-0.052147,0.167363,28.486000000000004
1772223631606075060,2026-02-27 15:20:31.606,-3.69552,4.90517,1.28017,0.083252,-0.048785,0.172008,28.488
1772223631607273580,2026-02-27 15:20:31.607,-3.56021,4.95016,1.24335,0.086061,-0.043052,0.172121,28.489000000000004
1772223631608443425,2026-02-27 15:20:31.608,-3.52911,4.94424,1.30584,0.086415,-0.040427,0.172103,28.49000000000001
1772223631609596248,2026-02-27 15:20:31.609,-3.32162,4.98028,1.32062,0.08893,-0.034654,0.173901,28.491
1772223631610729831,2026-02-27 15:20:31.610,-3.21482,5.06329,0.60738,0.094349,-0.029011,0.180997,28.492000000000004
1772223631611903785,2026-02-27 15:20:31.611,-3.21793,5.027,0.952224,0.089007,-0.02741,0.17783,28.49300000000001
1772223631613098985,2026-02-27 15:20:31.613,-3.10444,5.08958,1.05867,0.091589,-0.02515,0.177665,28.495000000000005
1772223631614293550,2026-02-27 15:20:31.614,-2.991,5.07954,1.77371,0.091908,-0.021496,0.171533,28.49600000000001
1772223631615482329,2026-02-27 15:20:31.615,-2.95384,5.05369,1.82241,0.090198,-0.019272,0.170387,28.497
1772223631616610024,2026-02-27 15:20:31.616,-2.92039,5.07774,1.91225,0.090462,-0.015658,0.169314,28.498000000000005
1772223631617802850,2026-02-27 15:20:31.617,-2.69857,5.02044,2.17977,0.086616,-0.010382,0.166368,28.49900000000001
1772223631619000147,2026-02-27 15:20:31.619,-2.63242,5.08258,3.25203,0.088147,-0.004821,0.15537,28.501000000000005
1772223631620199032,2026-02-27 15:20:31.620,-2.5613,4.99102,3.16097,0.083693,-0.004576,0.156841,28.50200000000001
1772223631621371284,2026-02-27 15:20:31.621,-2.489,4.90887,3.16212,0.080658,-0.000541,0.156845,28.503
1772223631622532080,2026-02-27 15:20:31.622,-2.40672,4.80361,2.54551,0.078633,0.006131,0.161171,28.504000000000005
1772223631623676964,2026-02-27 15:20:31.623,-2.40672,4.80361,2.54551,0.078633,0.006131,0.161171,28.50500000000001
1772223631624896085,2026-02-27 15:20:31.624,-2.33457,4.66607,2.75258,0.070767,0.012487,0.157492,28.506
